COUNTRY,DEPLOYMENT DATE,DEPLOYMENT LAT,DEPLOYMENT LON,LAST LOCATION DATE,MODEL,OBSERVING NETWORKS,PROGRAM,REF,SERIAL NUMBER,STATUS
United States,2013-12-21T07:02:00,-77.345,-168.0283,2020-03-09T04:31:40,APEX,Argo,Argo UW-MBARI,5904168,6475,INACTIVE
United States,2015-01-21T00:00:00,-61.0033,0.0017,2020-02-19T01:33:12,APEX,Argo,Argo UW-SOCCOM,5904397,6721,INACTIVE
United States,2014-12-20T00:00:00,-67.1133,0.005,2019-06-07T19:40:28,APEX,Argo,Argo UW-SOCCOM,5904471,6939,INACTIVE
United States,2016-07-01T00:00:00,-60.63,-54.63,2020-04-20T03:31:29,APEX,Argo,Argo UW-SOCCOM,5904660,7295,INACTIVE
United States,2016-01-08T18:36:00,-57.99,-56.51,2020-08-11T10:49:40,APEX,Argo,Argo UW-SOCCOM,5904658,7290,INACTIVE
United States,2016-01-07T19:04:00,-59.64,-55.38,2020-04-30T14:23:47,APEX,Argo,Argo UW-SOCCOM,5904659,7291,INACTIVE
United States,2016-01-23T18:03:00,-62.98,93.64,2017-03-29T08:00:07,NAVIS_A,Argo,Argo UW-SOCCOM,5904670,506,INACTIVE
United States,2016-01-07T01:27:00,-39.45,99.47,2019-12-19T19:04:13,APEX,Argo,Argo UW-SOCCOM,5904675,7450,INACTIVE
United States,2016-03-01T06:48:00,-50.6,90.4,2020-08-23T11:36:40,APEX,Argo,Argo UW-SOCCOM,5904682,7296,INACTIVE
United States,2016-02-24T20:50:00,-57.41,82.36,2020-05-18T13:45:42,NAVIS_A,Argo,Argo UW-SOCCOM,5904686,510,INACTIVE
United States,2016-05-31T15:55:00,-38.12,-171.45,2021-06-05T17:31:33,APEX,Argo,Argo UW-SOCCOM,5904694,7451,INACTIVE
United States,2016-05-13T17:01:00,-57.98,-169.95,2021-02-14T10:31:09,APEX,Argo,Argo UW-SOCCOM,5904695,6942,INACTIVE
United States,2016-05-17T12:35:00,-51.92,-169.91,2020-07-13T05:19:19,APEX,Argo,Argo UW-SOCCOM,5904761,7289,INACTIVE
United States,2016-05-08T19:44:00,-61.92,-169.91,2016-05-09T09:38:02,APEX,Argo,Argo UW-SOCCOM,5904764,7455,CLOSED
United States,2017-01-12T23:18:00,-75.65,-156.98,2022-01-22T01:57:51,APEX,Argo,Argo UW-SOCCOM,5904857,7756,OPERATIONAL
United States,2017-01-06T19:57:00,-35.02,-103.07,2021-11-06T11:24:26,APEX,Argo,Argo UW-SOCCOM,5904843,7332,INACTIVE
United States,2017-02-21T07:51:00,-57.18,-126.31,2021-07-31T07:26:54,APEX,Argo,Argo UW-SOCCOM,5905076,7702,INACTIVE
United States,2017-09-19T00:33:00,-42.98,-9.9267,2022-03-07T18:06:25,APEX,Argo,Argo UW-SOCCOM,5905134,8052,OPERATIONAL
United States,2017-09-22T05:26:00,-32.4817,-84.5467,2022-03-09T04:06:17,APEX,Argo,Argo UW-SOCCOM,5905106,7706,OPERATIONAL
United Kingdom,2017-11-15T14:23:00,-52.705,-40.1067,2022-02-28T01:36:27,APEX,Argo,Argo UK,3901541,8139,OPERATIONAL
United States,2018-01-22T02:18:00,-53.5833,141.93,2020-10-13T18:11:58,APEX,Argo,Argo UW-SOCCOM,5905376,7980,INACTIVE
United States,2018-01-25T15:39:00,-58.3533,139.9283,2022-03-05T17:05:52,APEX,Argo,Argo UW-SOCCOM,5905372,7967,OPERATIONAL
United States,2018-03-26T00:17:00,-67.6167,173.5233,2022-02-25T18:43:15,APEX,Argo,Argo UW-SOCCOM,5905638,7709,OPERATIONAL
United States,2018-04-22T06:34:00,-67.0033,-129.5167,2022-03-07T21:22:44,APEX,Argo,Argo UW-SOCCOM,5905639,7969,OPERATIONAL
United States,2018-08-16T05:35:00,0.0033,-170.1483,2022-03-01T08:13:52,APEX,Argo,Argo UW-TPOS eq.,5905971,7937,OPERATIONAL
United States,2018-10-18T13:52:00,-27.2083,-28.3133,2021-02-21T11:20:52,APEX,Argo,Argo UW-SOCCOM,5905980,7935,INACTIVE
United States,2018-08-16T02:55:00,50.1917,-144.6317,2022-03-04T23:50:26,NAVIS_A,Argo,Argo UW-MBARI,5905988,0949,OPERATIONAL
United States,2019-01-03T06:21:00,-64.4333,120.25,2019-08-04T01:50:24,APEX,Argo,Argo UW-SOCCOM,5906001,8297,INACTIVE
United States,2019-01-06T04:29:00,-69.0367,-6.9317,2020-02-12T04:43:30,APEX,Argo,Argo UW-SOCCOM,5905993,8358,INACTIVE
United States,2019-01-23T19:20:00,-65.745,-36.8417,2022-03-02T07:08:34,APEX,Argo,Argo UW-SOCCOM,5905994,8304,OPERATIONAL
European Union,2019-04-16T11:40:00,43.4,7.83,2021-07-02T07:42:12,PROVOR_III,Argo,LOV_ATLANTOS,6902969,,INACTIVE
United States,2019-04-20T09:50:00,-63.0267,29.9967,2022-03-09T06:47:25,APEX,Argo,Argo UW-SOCCOM,5906034,8364,OPERATIONAL
United States,2019-05-09T16:29:00,-33.74,28.4217,2022-03-07T00:11:40,NAVIS_A,Argo,Argo UW-SOCCOM,5906035,0888,OPERATIONAL
United States,2019-10-07T06:34:00,5.0067,-139.9183,2022-03-08T07:31:49,APEX,Argo,Argo UW-TPOS eq.,5906043,8334,OPERATIONAL
United States,2020-01-06T12:09:00,-55.14,-83.3,2021-01-01T15:43:38,APEX,Argo,Argo UW-SOCCOM,5906215,8726,INACTIVE
European Union,2021-03-12T17:07:00,-6.0559,-10.0057,2022-03-08T12:46:00,PROVOR_III,Argo,EuroSea Argo,6903875,P43200-20EU005,OPERATIONAL
United States,2020-03-24T23:20:00,-41.4267,2.9267,2021-11-16T16:44:11,APEX,Argo,Argo UW-SOCCOM,5906247,8735,INACTIVE
United States,2020-03-26T20:11:00,-35.56,1.13,2022-03-05T21:45:54,APEX,Argo,Argo UW-SOCCOM,5906246,8825,OPERATIONAL
Japan,2021-06-16T05:05:00,30.0588,165.0077,2022-03-04T05:37:10,APEX,Argo,Argo eq. JAMSTEC,2903657,9020,OPERATIONAL
United States,2020-10-18T19:18:00,35.445,-123.0083,2022-03-04T03:46:06,APEX,Argo,Argo UW-SOCCOM,5906294,8919,OPERATIONAL
Germany,2021-07-30T18:32:00,49.2389,-41.6295,2022-03-09T11:13:00,PROVOR_IV,Argo,Argo GERMANY 2025,6904112,P43200-20DE105,OPERATIONAL
Germany,2021-07-29T08:27:00,50.6544,-36.72,2022-03-09T11:15:00,PROVOR_IV,Argo,Argo GERMANY 2025,6904110,P43200-20DE103,OPERATIONAL
France,2020-12-25T09:45:33,17.17,-107.46,2022-03-06T10:16:20,PROVOR_V,Argo,Argo FPAII-GMMC,6903094,P53433-19FR002,OPERATIONAL
European Union,2021-03-12T17:15:00,-6.0628,-10.0034,2022-03-08T17:47:00,PROVOR_III,Argo,EuroSea Argo,6903878,P43200-20EU008,OPERATIONAL
United States,2021-01-10T02:35:00,-35.0017,-149.965,2021-12-16T17:26:23,NAVIS_A,Argo,Argo UW-SOCCOM,5906304,0887,INACTIVE
United States,2021-11-02T12:45:00,15.02,-115.26,2022-03-06T08:50:21,APEX,Argo,"Argo GO-BGC, UW ",5906449,9371,OPERATIONAL
Australia,2021-11-27T12:55:00,-18.5,112,2022-03-05T09:23:32,APEX,Argo,Argo AUSTRALIA,5906661,9297,OPERATIONAL
United States,2022-01-08T07:29:00,12.32,-100.23,,APEX,Argo,Argo UW,5906483,9400,REGISTERED
United States,2022-01-16T07:57:00,16.6656,-30.4884,2022-03-08T00:20:15,NAVIS_EBR,Argo,"Argo GO-BGC, WHOI",1902382,1348,OPERATIONAL
United States,2022-02-04T23:00:00,36.753,-122.512,2022-03-09T05:16:28,SOLO_II,Argo,Argo SIO .eq. (BGCSOLONOPP),4903026,1,OPERATIONAL
United States,2022-02-20T14:56:00,-34.6,-28.08,2022-03-03T16:22:19,APEX,Argo,Argo UW,5906487,9173,OPERATIONAL
United States,2015-01-27T00:00:00,-49.0116,12.9583,2017-07-23T01:14:53,APEX,Argo,Argo UW-SOCCOM,5904473,6941,CLOSED
United States,2016-01-09T15:38:00,-56.48,-57.21,2020-07-13T16:30:27,APEX,Argo,Argo UW-SOCCOM,5904657,7288,INACTIVE
United States,2016-01-17T08:56:00,-48.28,79.77,2020-08-15T18:18:17,APEX,Argo,Argo UW-SOCCOM,5904676,7335,INACTIVE
United States,2016-03-03T03:21:00,-47.09,93.08,2020-12-04T03:32:46,APEX,Argo,Argo UW-SOCCOM,5904683,7309,INACTIVE
United States,2016-03-31T21:01:00,-50.48,147.17,2020-09-19T22:14:20,APEX,Argo,Argo UW-SOCCOM,5904677,7339,INACTIVE
United States,2016-05-06T07:51:00,-64.04,-170.17,2018-09-06T14:54:43,NAVIS_A,Argo,Argo UW-SOCCOM,5904672,565,INACTIVE
United States,2016-05-19T21:20:00,-48,-169.97,2020-02-21T01:20:21,APEX,Argo,Argo UW-SOCCOM,5904693,7337,INACTIVE
United States,2016-12-28T09:24:00,-59.21,-68.51,2021-01-27T20:28:33,APEX,Argo,Argo UW-SOCCOM,5904982,7772,INACTIVE
United States,2016-12-27T15:03:00,-57.35,-68,2020-12-07T19:38:08,APEX,Argo,Argo UW-SOCCOM,5904854,7757,INACTIVE
United States,2017-01-15T11:27:00,-50.99,-103.09,2021-04-16T16:40:48,APEX,Argo,Argo UW-SOCCOM,5904842,7754,INACTIVE
United States,2017-02-19T01:42:00,-62.48,-126.15,2021-06-29T15:46:10,APEX,Argo,Argo UW-SOCCOM,5905080,7703,INACTIVE
United States,2017-09-01T01:03:00,-32.5833,-134.8733,2022-03-06T13:59:09,APEX,Argo,Argo UW-SOCCOM,5905104,7710,OPERATIONAL
United States,2017-09-09T10:55:00,-34.435,11.795,2022-01-14T02:01:57,APEX,Argo,Argo UW-SOCCOM,5905130,8047,INACTIVE
United States,2017-09-20T09:04:00,-47.4967,-13.0817,2022-02-17T15:23:34,APEX,Argo,Argo UW-SOCCOM,5905135,8053,OPERATIONAL
United States,2017-10-06T00:18:00,-36.545,-9.9283,2020-11-11T23:02:02,APEX,Argo,Argo UW-SOCCOM,5905132,8050,INACTIVE
United States,2017-10-08T17:54:00,-34.6333,4.1917,2022-03-02T23:27:50,APEX,Argo,Argo UW-SOCCOM,5905131,8048,OPERATIONAL
United States,2018-04-07T18:26:00,-69.0117,-150.0383,2022-03-01T07:46:51,APEX,Argo,Argo UW-SOCCOM,5905637,7975,OPERATIONAL
United States,2018-10-20T15:24:00,-32.3767,-33.6583,2022-02-28T18:00:36,APEX,Argo,Argo UW-SOCCOM,5905982,7937,OPERATIONAL
United States,2019-01-07T12:12:00,-66.0033,-12.3217,2022-03-06T21:29:37,APEX,Argo,Argo UW-SOCCOM,5905995,8363,OPERATIONAL
China,2019-03-24T10:42:00,20.41,137.88,2020-12-02T04:07:53,PROVOR_IV,Argo,Argo CHINA,2902756,P43208-17CH002,INACTIVE
United States,2019-03-03T02:56:00,-60.1217,-48.17,2021-09-11T10:28:03,APEX,Argo,Argo UW-SOCCOM,5906003,8299,INACTIVE
United States,2019-04-30T18:54:00,-51.355,30.2083,2022-03-03T10:14:28,APEX,Argo,Argo UW-SOCCOM,5906030,8362,OPERATIONAL
United States,2019-10-21T06:15:00,-4.0233,-125.08,2022-02-13T08:55:04,APEX,Argo,Argo UW-SOCCOM,5906046,8683,OPERATIONAL
United States,2019-10-27T16:28:00,5.1083,-124.9533,2022-03-09T07:38:45,APEX,Argo,Argo UW-TPOS eq.,5906044,8333,OPERATIONAL
United States,2020-01-29T16:22:00,-61.94,-73.96,2022-03-05T02:39:43,APEX,Argo,Argo UW-SOCCOM,5906224,8728,OPERATIONAL
United States,2020-01-30T20:39:00,-64.96,-80.61,2022-03-07T14:08:07,APEX,Argo,Argo UW-SOCCOM,5906226,8732,OPERATIONAL
United States,2020-03-15T12:07:00,8.9783,-140.3183,2022-03-01T12:14:59,APEX,Argo,Argo UW-TPOS eq.,5906237,8701,OPERATIONAL
United States,2020-03-19T02:04:00,-70.4333,-103.0933,2020-03-19T22:12:23,APEX,Argo,Argo UW-SOCCOM,5906225,8729,INACTIVE
United States,2020-03-24T17:28:00,-40.96,3.02,2022-03-06T19:09:19,APEX,Argo,Argo UW-SOCCOM,5906249,8822,OPERATIONAL
United States,2020-08-12T07:16:00,45.49,-127.4,2022-03-08T19:08:55,APEX,Argo,Argo UW-SOCCOM,5906293,8918,OPERATIONAL
United States,2020-10-29T01:06:00,-38.99,-84.06,2022-03-02T07:37:45,APEX,Argo,Argo UW-SOCCOM,5906306,1114,OPERATIONAL
United States,2021-01-08T02:55:00,-29.9833,-150.025,2022-03-05T06:13:13,APEX,Argo,Argo UW-SOCCOM,5906318,9066,OPERATIONAL
Germany,2021-03-25T09:34:20,57.2979,20.1944,2022-02-25T10:25:40,APEX,Argo,Argo GERMANY 2025,7900580,8993,OPERATIONAL
Norway,2021-04-18T21:07:00,74.5,-5,2022-03-10T11:23:00,PROVOR_III,Argo,Argo NORWAY,6903575,P43208-20NO003,OPERATIONAL
United States,2021-04-04T14:36:00,20.07,-52.36,2022-03-03T05:45:20,APEX,Argo,"Argo GO-BGC, UW ",5906339,9067,OPERATIONAL
United States,2021-05-03T14:38:00,23.86,-65.75,2021-12-11T22:54:05,APEX,Argo,"Argo GO-BGC, UW ",5906436,9076,INACTIVE
Australia,2021-06-16T19:50:00,-12.5,145.12,2022-03-10T01:34:00,PROVOR_III,Argo,Argo AUSTRALIA,5906645,P43208-20AU003,OPERATIONAL
United States,2021-07-07T19:50:00,39.9133,-125.1633,2022-02-27T07:10:39,APEX,Argo,Argo eq. PMEL,5906297,8922,OPERATIONAL
United States,2021-11-21T17:29:00,27.07,-126.72,2022-03-05T05:57:30,APEX,Argo,Argo UW,5906468,9375,OPERATIONAL
United States,2022-01-18T17:14:00,19.1245,-42.5008,2022-03-10T11:26:31,NAVIS_EBR,Argo,"Argo GO-BGC, WHOI",1902384,1352,OPERATIONAL
United Kingdom,2022-03-03T17:10:00,34.73,-12.6733,,PROVOR,Argo,Argo UK Bio,6904183,nocbio003,REGISTERED
United States,2022-01-23T15:43:00,24.2182,-67.9966,2022-03-05T13:24:29,NAVIS_EBR,Argo,"Argo GO-BGC, WHOI",1902385,1355,OPERATIONAL
United States,2012-10-02T18:31:00,22.8017,-157.9433,2016-05-05T00:33:47,APEX,Argo,Argo UW-MBARI,5903893,6247,CLOSED
United States,2013-12-21T05:06:00,-77.4933,-165.985,2019-03-01T00:16:35,APEX,Argo,Argo UW-MBARI,5904166,6266,INACTIVE
United States,2014-04-07T09:09:00,-60,-149.9283,2018-11-15T06:29:00,APEX,Argo,Argo UW-MBARI,5904185,6712,INACTIVE
United States,2014-12-07T00:00:00,-44.6017,7.1967,2019-03-29T13:31:16,APEX,Argo,Argo UW-SOCCOM,5904474,6844,INACTIVE
United States,2015-01-19T00:00:00,-66.0067,0.0583,2020-04-27T16:44:56,APEX,Argo,Argo UW-SOCCOM,5904468,6716,INACTIVE
United States,2015-01-18T00:00:00,-67.66,-1.7633,2019-04-12T13:59:08,APEX,Argo,Argo UW-SOCCOM,5904472,6940,INACTIVE
United States,2015-12-08T23:43:00,-53.33,-80.3,2020-08-30T14:32:00,APEX,Argo,Argo UW-SOCCOM,5904663,7292,INACTIVE
United States,2016-02-28T08:55:00,-52.98,87.66,2020-08-01T18:47:34,APEX,Argo,Argo UW-SOCCOM,5904684,7333,INACTIVE
United States,2016-05-18T16:56:00,-49.96,-169.78,2020-12-05T07:01:20,APEX,Argo,Argo UW-SOCCOM,5904763,7340,INACTIVE
United States,2016-05-21T07:19:00,-46.67,-171.53,2020-10-31T22:01:38,APEX,Argo,Argo UW-SOCCOM,5904765,7456,INACTIVE
United States,2016-05-15T15:28:00,-54.95,-169.95,2020-07-26T18:24:06,APEX,Argo,Argo UW-SOCCOM,5904766,0566,INACTIVE
United States,2017-01-04T07:50:00,-68.28,-95.44,2021-04-19T07:39:27,APEX,Argo,Argo UW-SOCCOM,5904855,7758,OPERATIONAL
United States,2017-01-03T01:49:00,-67.2,-84.16,2017-08-21T23:43:27,NAVIS_A,Argo,Argo UW-SOCCOM,5904983,567,INACTIVE
United States,2017-01-01T22:57:00,-66.42,-74.24,2020-03-05T03:35:27,APEX,Argo,Argo UW-SOCCOM,5904980,7769,INACTIVE
United States,2017-01-04T05:53:00,-30.01,-103.01,2022-03-05T17:34:46,APEX,Argo,Argo UW-SOCCOM,5904844,7454,OPERATIONAL
United States,2017-01-11T11:15:00,-54.81,95.58,2020-11-23T20:35:25,APEX,Argo,Argo UW-SOCCOM,5905069,7760,INACTIVE
United States,2017-01-03T07:48:00,-49.41,62.95,2020-09-04T18:37:20,NAVIS_EBR,Argo,Argo UW-SOCCOM,5905072,691,INACTIVE
United States,2017-02-16T19:40:00,-66.39,-126.08,2018-06-04T15:44:09,APEX,Argo,Argo UW-SOCCOM,5905078,7705,INACTIVE
United States,2017-08-10T17:21:00,-32.415,-154.9733,2021-12-13T01:07:37,APEX,Argo,Argo UW-SOCCOM,5905107,7759,INACTIVE
United States,2017-09-10T06:56:00,-32.5183,-114.6967,2022-03-08T02:29:32,APEX,Argo,Argo UW-SOCCOM,5905109,7331,OPERATIONAL
United States,2018-01-21T20:25:00,-56.9933,57.6067,2022-03-02T20:38:17,APEX,Argo,Argo UW-SOCCOM,5905368,7965,OPERATIONAL
United States,2018-10-21T16:07:00,-34.5983,-36.1233,2022-03-03T12:22:03,APEX,Argo,Argo UW-SOCCOM,5905983,6461,OPERATIONAL
Norway,2019-05-29T09:23:00,74.501,-4.733,2021-01-29T11:18:00,PROVOR_III,Argo,Argo NORWAY,6903551,P43208-18NO002,INACTIVE
United States,2018-12-31T15:33:00,-59.0767,0.1433,2022-03-06T09:19:51,NAVIS_A,Argo,Argo UW-SOCCOM,5904847,0689,OPERATIONAL
United States,2019-04-25T05:19:00,-55.8717,29.94,2022-03-09T04:58:29,APEX,Argo,Argo UW-SOCCOM,5906031,8361,OPERATIONAL
Germany,2019-11-24T23:37:00,14.5384,-25.1726,2020-12-11T11:34:58,APEX,Argo,Argo GERMANY,7900559,8637,CLOSED
United States,2020-01-06T03:00:00,-37.99,108.27,2022-03-02T22:45:27,APEX,Argo,Argo UW-SOCCOM,5906222,8724,OPERATIONAL
Ireland,2022-08-20T12:00:00,52.999,-15.52,,FLOAT,Argo,Argo IRELAND,6901936,8350,CONFIRMED
Italy,2021-11-11T09:43:00,41.53,18.06,2022-01-28T11:34:00,PROVOR_IV,Argo,Argo ITALY,6903805,P43208-20IT001,INACTIVE
United States,2020-02-17T13:13:00,-36.9833,92.5917,2022-03-08T14:50:26,APEX,Argo,Argo UW-SOCCOM,5906219,8722,OPERATIONAL
European Union,2021-04-03T18:09:00,0.0313,-22.9729,2022-03-02T17:40:00,PROVOR_III,Argo,EuroSea Argo,6903876,P43200-20EU006,OPERATIONAL
United States,2020-03-21T02:17:00,0.0167,-140.06,2022-03-04T15:31:59,APEX,Argo,Argo UW-TPOS eq.,5906235,8699,OPERATIONAL
United States,2020-03-09T15:29:00,36.6633,-122.3633,2020-09-02T09:46:44,APEX,Argo,Argo UW-SOCCOM,5906243,8686,INACTIVE
United States,2020-09-15T07:49:00,2.07,179.97,2022-03-01T17:06:32,APEX,Argo,Argo UW-TPOS eq.,5906302,8914,OPERATIONAL
United States,2020-09-13T23:34:00,4.95,180,2022-02-28T04:08:55,APEX,Argo,Argo UW-TPOS eq.,5906303,8915,OPERATIONAL
Germany,2021-08-15T00:00:00,56.63,-52.62,2022-03-04T11:09:00,PROVOR_IV,Argo,Argo GERMANY 2025,6904114,P43200-20DE101,OPERATIONAL
United States,2020-10-30T12:44:00,-44.96,-80.47,2022-03-04T06:03:44,APEX,Argo,Argo UW-SOCCOM,5906308,1116,OPERATIONAL
United States,2021-03-27T09:18:00,35.89,-52.33,,APEX,Argo,"Argo GO-BGC, UW ",5906341,9064,REGISTERED
United States,2021-12-05T05:31:00,0.49,-139.89,2022-03-08T20:20:16,APEX,Argo,Argo UW,5906473,9404,OPERATIONAL
United States,2021-11-27T19:56:00,14.05,-140.02,2022-03-01T08:51:34,APEX,Argo,Argo UW,5906471,9373,OPERATIONAL
United States,2022-01-14T03:00:00,31.718,-64.1512,2022-03-01T06:02:00,NAVIS_EBR,Argo,"Argo GO-BGC, WHOI",4903274,1357,OPERATIONAL
United States,2022-02-16T08:33:00,-34.51,-39.72,2022-02-27T10:33:09,APEX,Argo,"Argo GO-BGC, UW ",5906489,9183,OPERATIONAL
United States,2013-05-20T03:00:00,22.7367,-157.9216,2016-06-02T05:14:06,APEX,Argo,Argo UW-MBARI,5904124,6430,CLOSED
United States,2014-12-12T00:00:00,-56.1893,0.0267,2015-06-02T06:56:42,NAVIS_A,Argo,Argo UW-SOCCOM,5904477,509,CLOSED
United States,2015-12-28T15:16:00,-54.26,-89.25,2020-05-30T09:48:36,APEX,Argo,Argo UW-SOCCOM,5904661,7294,INACTIVE
United States,2016-02-10T03:28:00,35.9,-124.71,2016-04-09T23:21:42,APEX,Argo,Argo UW-SOCCOM,5904680,6216,CLOSED
United States,2016-04-07T03:20:00,-51.95,148.67,2020-08-19T01:37:19,APEX,Argo,Argo UW-SOCCOM,5904678,7452,INACTIVE
United States,2016-05-04T12:46:00,-66.34,-170,2017-11-06T13:55:59,NAVIS_A,Argo,Argo UW-SOCCOM,5904768,570,INACTIVE
United States,2017-01-12T02:54:00,-45.01,-102.99,2021-05-30T06:17:32,APEX,Argo,Argo UW-SOCCOM,5904841,7753,INACTIVE
United States,2017-09-16T08:00:00,-39.1133,-10.9133,2021-07-14T19:45:59,APEX,Argo,Argo UW-SOCCOM,5905133,8051,INACTIVE
United Kingdom,2017-11-15T14:30:00,-52.705,-40.1067,2021-11-29T17:20:28,APEX,Argo,Argo UK,3901545,8143,INACTIVE
United States,2018-01-27T06:20:00,-60.3267,139.8883,2022-03-08T07:09:56,APEX,Argo,Argo UW-SOCCOM,5905373,7968,OPERATIONAL
European Union,2017-11-15T00:00:00,43.66,7.34,2018-04-16T06:37:55,PROVOR_IV,Argo,LOV_ATLANTOS,6902879,P52208-17FR001,CLOSED
United States,2018-03-29T07:48:00,-67.0117,-173.8133,2022-03-04T02:47:39,APEX,Argo,Argo UW-SOCCOM,5905635,8056,OPERATIONAL
United States,2019-03-09T17:45:00,-60.3117,-30.9667,2021-11-18T05:28:59,APEX,Argo,Argo UW-SOCCOM,5906005,7971,INACTIVE
United States,2019-03-23T12:41:00,-57.5667,15.3417,2019-07-13T04:50:51,APEX,Argo,Argo UW-SOCCOM,5906008,8353,INACTIVE
United States,2019-05-06T01:53:00,-44.9583,29.0883,2022-03-02T07:07:28,APEX,Argo,Argo UW-SOCCOM,5906032,8365,OPERATIONAL
United States,2019-05-10T12:44:00,-35.025,29.9883,2022-03-05T10:52:41,NAVIS_A,Argo,Argo UW-SOCCOM,5906036,0889,OPERATIONAL
Japan,2019-06-02T04:24:00,47.073,160.0056,2020-09-23T10:18:31,NAVIS_EBR,Argo,Argo eq. JAMSTEC,2903396,955,INACTIVE
United States,2019-12-10T01:52:00,-60.16,-89.03,2020-09-24T01:50:48,APEX,Argo,Argo UW-SOCCOM,5906212,8687,INACTIVE
United States,2020-01-18T06:33:00,-58.2,55.25,2022-02-28T19:01:20,APEX,Argo,Argo UW-SOCCOM,5906211,8727,OPERATIONAL
United States,2020-01-21T01:05:00,-52.8917,81.2517,2022-03-04T23:07:58,APEX,Argo,Argo UW-SOCCOM,5906220,8731,OPERATIONAL
United States,2020-03-24T16:55:00,-40.9717,3.0283,2022-03-06T11:22:52,APEX,Argo,Argo UW-SOCCOM,5906250,8730,OPERATIONAL
United States,2020-09-01T07:58:00,2.09,164.88,2022-02-27T11:00:41,APEX,Argo,Argo UW-TPOS eq.,5906300,8912,OPERATIONAL
United States,2020-10-26T22:32:00,-31.94,-88,2022-03-01T01:04:30,APEX,Argo,Argo UW-SOCCOM,5906305,1113,OPERATIONAL
France,2020-12-22T16:41:06,17.17,-107.46,2022-03-03T17:21:00,PROVOR_V,Argo,Argo FPAII-GMMC,6903093,P53434-19FR001,OPERATIONAL
Japan,2020-08-21T04:08:00,49.9865,164.9633,2021-05-18T14:25:43,NAVIS_EBR,Argo,Argo eq. JAMSTEC,2903392,0954,INACTIVE
Australia,2020-12-27T07:12:00,-55.83,138.73,2022-03-07T13:28:43,PROVOR_V,Argo,Argo AUSTRALIA,5906624,P53435-20AU002,OPERATIONAL
United States,2021-01-18T21:30:00,-53.0817,-149.7717,2022-03-07T02:04:26,APEX,Argo,Argo UW-SOCCOM,5906316,8925,OPERATIONAL
United States,2021-01-16T21:14:00,-47.6767,-150.0583,2022-03-03T10:10:36,NAVIS_A,Argo,Argo UW-SOCCOM,5906311,1205,OPERATIONAL
United States,2021-01-14T07:55:00,-45.945,-150.0333,2022-03-01T11:55:57,APEX,Argo,Argo UW-SOCCOM,5906319,9069,OPERATIONAL
United States,2021-01-12T14:40:00,-41.9617,-149.9467,2022-02-27T19:51:32,NAVIS_A,Argo,Argo UW-SOCCOM,5906310,1204,OPERATIONAL
Australia,2021-02-27T21:09:00,-61.98,69.99,2021-05-08T08:02:44,APEX,Argo,Argo AUSTRALIA,7900915,9167,INACTIVE
United States,2021-03-25T00:03:00,40.17,-52.42,2022-03-02T05:14:06,APEX,Argo,"Argo GO-BGC, UW ",5906342,8930,OPERATIONAL
Australia,2021-05-09T18:34:52,-37.99,150.71,2022-03-06T01:24:00,PROVOR_III,Argo,Argo AUSTRALIA,5906635,P43208-20AU001,OPERATIONAL
United States,2021-05-05T05:13:00,49.2788,-14.8661,2022-03-07T02:55:37,NAVIS_EBR,Argo,Argo WHOI,1902303,1201,OPERATIONAL
United States,2021-10-20T03:25:00,-17.48,-113.19,2022-03-03T05:32:05,APEX,Argo,"Argo GO-BGC, UW ",5906448,9397,OPERATIONAL
United States,2021-11-23T18:57:00,21.76,-135.39,2022-03-07T05:32:11,APEX,Argo,Argo UW,5906469,9399,OPERATIONAL
United States,2021-12-10T21:02:00,6.53,-146.59,2022-03-04T08:36:17,APEX,Argo,Argo UW,5906475,9406,OPERATIONAL
United States,2022-01-11T13:59:00,13.9,-103.73,2022-01-22T19:35:02,APEX,Argo,Argo UW,5906485,9402,INACTIVE
United States,2022-01-18T20:12:00,18.2064,-38.0015,2022-02-27T17:01:00,NAVIS_EBR,Argo,"Argo GO-BGC, WHOI",1902380,1345,OPERATIONAL
United States,2022-01-16T22:44:00,17.2845,-33.5009,2022-03-08T13:38:19,NAVIS_EBR,Argo,"Argo GO-BGC, WHOI",1902381,1347,OPERATIONAL
United States,2022-02-18T09:37:00,-57.97,118.47,2022-03-01T03:30:43,APEX,Argo,Argo UW,5906442,1120,OPERATIONAL
United States,2013-09-14T02:14:00,22.6784,-157.9883,2013-10-01T18:06:45,APEX,Argo,Argo UW-MBARI,5904132,6429,CLOSED
United States,2013-12-21T17:37:00,-76.7683,-175.0866,2018-02-19T16:36:16,APEX,Argo,Argo UW-MBARI,5904165,6180,INACTIVE
United States,2014-04-03T09:48:00,-63.9783,-150.0233,2018-07-18T23:57:16,APEX,Argo,Argo UW-MBARI,5904184,6713,INACTIVE
United States,2016-01-18T07:12:00,-49.76,78.82,2020-03-02T06:49:48,APEX,Argo,Argo UW-SOCCOM,5904679,7453,INACTIVE
United States,2016-05-30T10:39:00,-39.96,-172.57,2021-05-29T21:22:03,APEX,Argo,Argo UW-SOCCOM,5904674,7338,INACTIVE
United States,2017-01-08T21:12:00,-39,-103.11,2021-05-16T16:49:41,APEX,Argo,Argo UW-SOCCOM,5904685,7336,INACTIVE
United States,2017-02-17T09:19:00,-65.01,-125.9,2021-04-18T10:14:30,APEX,Argo,Argo UW-SOCCOM,5905077,7763,INACTIVE
United States,2017-04-19T08:40:00,-68.57,172.07,2022-02-25T17:30:07,APEX,Argo,Argo UW-SOCCOM,5905102,7707,OPERATIONAL
United States,2017-10-28T09:47:00,4.9783,-124.9633,2018-02-05T12:48:30,APEX,Argo,Argo UW-TPOS eq.,5905139,8045,INACTIVE
United Kingdom,2017-11-15T14:26:00,-52.705,-40.1067,2022-03-02T00:46:22,APEX,Argo,Argo UK,3901543,8141,OPERATIONAL
Germany,2018-06-12T07:48:00,58.6252,-51.8749,2021-11-28T04:16:01,APEX,Argo,Argo BSH,3901668,8505,INACTIVE
Germany,2018-06-12T07:48:00,58.6254,-51.8745,2019-07-30T15:37:25,APEX,Argo,Argo BSH,3901667,8504,CLOSED
United States,2018-01-16T14:34:00,-63.9933,57.4133,2018-04-27T14:01:52,APEX,Argo,Argo UW-SOCCOM,5905369,7981,INACTIVE
United States,2018-02-03T15:44:00,-65.3733,149.9617,2022-03-02T13:48:12,APEX,Argo,Argo UW-SOCCOM,5905379,7977,OPERATIONAL
United States,2018-08-18T22:32:00,-4.0017,-170.0517,2020-08-29T11:41:56,APEX,Argo,Argo UW-SOCCOM,5905973,7938,INACTIVE
United States,2018-10-23T16:05:00,-39.2067,-41.3567,2022-03-05T21:27:18,APEX,Argo,Argo UW-SOCCOM,5905984,7938,OPERATIONAL
United States,2018-08-29T08:00:00,-8.0183,-154.9983,2019-09-28T12:51:40,APEX,Argo,Argo UW-SOCCOM,5905972,6461,INACTIVE
United States,2019-01-21T23:33:00,-66.6233,-27.105,2022-03-01T13:54:43,APEX,Argo,Argo UW-SOCCOM,5905992,8302,OPERATIONAL
United States,2019-01-28T01:37:00,-64.1717,-47.4783,2022-03-07T02:44:48,APEX,Argo,Argo UW-SOCCOM,5905991,8301,OPERATIONAL
United States,2019-06-14T03:35:00,22.61,-157.93,2021-10-04T13:17:35,APEX,Argo,Argo UW-SOCCOM,5906040,8325,INACTIVE
United States,2019-06-29T00:56:00,-7.98,-110.04,2020-05-05T09:28:33,APEX,Argo,Argo UW,5906042,6462,INACTIVE
United States,2019-06-24T20:16:00,-7.91,-95.03,2021-07-06T08:29:11,APEX,Argo,Argo UW-SOCCOM,5906041,6477,INACTIVE
Germany,2019-12-01T01:22:00,17.8228,-20.6045,2021-03-07T11:44:36,APEX,Argo,Argo GERMANY,7900560,8638,CLOSED
Australia,2019-10-04T12:53:00,-24.877,154.0597,2021-04-04T09:02:00,APEX,Argo,Argo AUSTRALIA,5905442,8357,INACTIVE
Norway,2020-08-02T18:36:00,67.5,-0.522,2022-03-09T11:20:00,PROVOR_III,Argo,Argo NORWAY,6903574,P43208-20NO002,OPERATIONAL
United States,2019-12-06T09:04:00,-54.42,-89.09,2022-03-01T14:12:01,APEX,Argo,Argo UW-SOCCOM,5906213,8689,OPERATIONAL
United States,2020-01-10T09:56:00,-44.95,57.84,2022-02-27T15:30:22,APEX,Argo,Argo UW-SOCCOM,5906209,8693,OPERATIONAL
United States,2020-01-20T22:01:00,-63.51,53.72,2021-06-08T17:16:46,APEX,Argo,Argo UW-SOCCOM,5906210,8688,OPERATIONAL
United States,2020-03-15T04:53:00,-37.1283,120.0667,2022-03-04T10:36:55,APEX,Argo,Argo UW-SOCCOM,5906218,8685,OPERATIONAL
Germany,2020-08-21T12:57:00,57.582,-53,2021-06-20T10:21:04,APEX,Argo,Argo GERMANY,7900566,8903,OPERATIONAL
Germany,2021-08-15T00:00:00,55,-51.8,2022-03-04T11:14:00,PROVOR_IV,Argo,Argo GERMANY 2025,6904115,P43200-20DE102,OPERATIONAL
United States,2020-11-21T20:07:00,39.45,-125.09,2022-03-07T23:45:25,APEX,Argo,Argo UW-SOCCOM,5906296,8921,OPERATIONAL
Australia,2020-12-12T08:52:00,-47.1,141.37,2022-03-10T02:01:23,PROVOR_V,Argo,Argo AUSTRALIA,5906623,P53435-20AU001,OPERATIONAL
United States,2021-01-26T06:16:00,-56.7667,-150.0017,2022-03-04T12:11:57,APEX,Argo,Argo UW-SOCCOM,5906317,8926,OPERATIONAL
Japan,2021-02-22T06:02:00,30.9996,145.0024,2022-03-06T04:36:58,APEX,Argo,Argo eq. JAMSTEC,2903654,9018,OPERATIONAL
Australia,2021-02-16T16:24:00,-62,60.03,2021-11-30T06:55:57,APEX,Argo,Argo AUSTRALIA,7900907,9168,INACTIVE
Australia,2021-03-08T17:11:00,-63,75.02,2021-05-20T07:17:01,APEX,Argo,Argo AUSTRALIA,7900918,9166,INACTIVE
Japan,2021-02-21T02:43:00,46.9928,160.0102,2021-03-07T12:58:19,NAVIS_A,Argo,Argo eq. JAMSTEC,2903670,0958,INACTIVE
Japan,2021-02-21T02:50:00,46.9907,160.009,2022-02-28T12:45:29,NAVIS_A,Argo,Argo eq. JAMSTEC,2903669,0957,OPERATIONAL
United States,2021-04-08T15:57:00,11.91,-52.37,2022-03-08T12:02:02,APEX,Argo,"Argo GO-BGC, UW ",5906434,9070,OPERATIONAL
United States,2021-05-06T11:13:00,28.91,-65.45,2022-03-03T21:30:43,APEX,Argo,"Argo GO-BGC, UW ",5906439,9072,OPERATIONAL
United States,2021-11-25T22:57:00,19.45,-138.54,2022-02-27T06:29:08,APEX,Argo,Argo UW,5906470,9372,OPERATIONAL
United States,2022-01-02T20:28:00,12.02,-94.52,2022-03-06T23:45:49,APEX,Argo,Argo UW,5906486,9403,OPERATIONAL
United States,2022-02-04T18:26:00,36.76,-122.5,2022-03-09T07:23:33,APEX,Argo,Argo UW,5906507,9423,OPERATIONAL
United States,2022-02-23T11:27:00,-34.55,-20.5,2022-03-06T11:06:32,APEX,Argo,Argo UW,5906492,9251,OPERATIONAL
United States,2022-03-02T05:06:00,-34.46,-5.49,2022-03-03T00:20:22,APEX,Argo,Argo UW,5906491,9250,OPERATIONAL
United States,2012-03-27T04:07:00,22.6784,-158.0516,2021-06-16T00:41:49,APEX,Argo,Argo UW-MBARI,5903741,6248,INACTIVE
United States,2014-01-18T02:46:00,22.6384,-157.9433,2014-09-15T20:48:38,APEX,Argo,Argo UW-MBARI,5904172,6429,CLOSED
United States,2014-04-18T01:35:00,-44.9467,-150.0183,2020-04-04T08:36:41,APEX,Argo,Argo UW-MBARI,5904187,6714,INACTIVE
United States,2014-04-14T14:10:00,-49.9833,-149.9633,2018-01-22T18:21:36,APEX,Argo,Argo UW-MBARI,5904188,6717,INACTIVE
United States,2014-04-13T01:58:00,-52.52,-149.9717,2020-02-15T00:16:02,APEX,Argo,Argo UW-MBARI,5904186,6715,INACTIVE
United States,2014-04-11T10:54:00,-55.0033,-150.0133,2016-11-14T01:32:06,APEX,Argo,Argo UW-MBARI,5904396,6720,CLOSED
United States,2014-12-09T00:00:00,-49.0567,2.95,2016-03-02T19:34:10,NAVIS_A,Argo,Argo UW-SOCCOM,5904476,508,CLOSED
United States,2015-03-26T00:31:00,-47.025,143.8717,2017-09-10T05:16:52,APEX,Argo,Argo UW-SOCCOM,5904470,6429,INACTIVE
United States,2017-01-05T21:40:00,-69.66,-109.09,2022-02-13T11:09:26,APEX,Argo,Argo UW-SOCCOM,5904859,7764,OPERATIONAL
United States,2017-01-10T07:21:00,-70.68,-136.52,2022-02-28T20:22:08,APEX,Argo,Argo UW-SOCCOM,5904858,7762,OPERATIONAL
United States,2017-07-29T01:11:00,-32.47,-174.76,2022-03-04T08:41:03,APEX,Argo,Argo UW-SOCCOM,5905108,7761,OPERATIONAL
United States,2017-09-26T07:12:00,-32.4883,-73.995,2021-11-24T01:55:10,APEX,Argo,Argo UW-SOCCOM,5905105,7755,INACTIVE
United Kingdom,2017-11-15T14:28:00,-52.705,-40.1067,2019-09-15T16:10:09,APEX,Argo,Argo UK,3901544,8142,INACTIVE
United States,2017-12-15T16:51:00,-40.035,57.5167,2022-03-06T02:36:24,NAVIS_EBR,Argo,Argo UW-SOCCOM,5905071,690,OPERATIONAL
United States,2017-12-26T03:15:00,-58.9967,70.0983,2017-12-26T15:36:23,APEX,Argo,Argo UW-SOCCOM,5905074,0693,INACTIVE
United States,2018-01-23T19:13:00,-55.4933,140.72,2022-03-04T23:49:32,APEX,Argo,Argo UW-SOCCOM,5905371,7966,OPERATIONAL
United States,2018-02-11T23:05:00,-63.5567,132.1833,2018-05-13T17:50:39,APEX,Argo,Argo UW-SOCCOM,5905378,8049,INACTIVE
United States,2018-02-06T15:47:00,-62.0183,149.995,2022-03-09T07:32:38,APEX,Argo,Argo UW-SOCCOM,5905377,7982,OPERATIONAL
United States,2018-01-31T04:27:00,-64.825,139.8467,2020-08-14T14:27:11,APEX,Argo,Argo UW-SOCCOM,5905375,7976,INACTIVE
United States,2018-04-17T21:43:00,-66.9967,-149.2483,2022-03-03T04:32:01,APEX,Argo,Argo UW-SOCCOM,5905636,7978,OPERATIONAL
United States,2018-10-18T13:31:00,-27.2167,-28.3167,2020-06-13T17:18:52,APEX,Argo,Argo UW-SOCCOM,5905981,7936,INACTIVE
United States,2018-08-31T02:30:00,-3.02,-155.1017,2022-03-04T02:29:12,APEX,Argo,Argo UW,5905986,7910,OPERATIONAL
United States,2018-12-26T15:36:00,-62.9833,104.6367,2022-03-06T22:22:33,APEX,Argo,Argo UW-SOCCOM,5905998,8298,OPERATIONAL
Norway,2019-05-19T03:40:00,67,0.52,2022-03-10T11:10:00,PROVOR_III,Argo,Argo NORWAY,6903549,P43208-18NO001,OPERATIONAL
Norway,2019-05-20T03:20:00,70.21,1.76,2021-05-15T11:36:00,PROVOR_III,Argo,Argo NORWAY,6903550,P43208-18NO002,INACTIVE
China,2019-03-29T15:20:00,18.1,129.5,2020-12-17T04:26:48,PROVOR_IV,Argo,Argo CHINA,2902753,P43208-17CH001,INACTIVE
United States,2019-04-19T00:01:00,-65.5033,29.9567,2022-03-08T05:51:24,APEX,Argo,Argo UW-SOCCOM,5906033,8360,OPERATIONAL
United States,2019-07-04T02:39:00,22.92,-157.91,2020-06-04T11:05:12,APEX,Argo,Argo UW-SOCCOM,5906039,8326,INACTIVE
Australia,2019-10-04T12:47:00,-24.8772,154.0595,2022-03-07T05:25:04,APEX,Argo,Argo AUSTRALIA eq.,5905441,7770,OPERATIONAL
United States,2019-10-27T00:23:00,4.0283,-125,2022-03-08T09:43:36,APEX,Argo,Argo UW-SOCCOM,5906045,8327,OPERATIONAL
United States,2019-12-28T20:24:00,-58.1,-88.94,2022-02-28T06:39:16,APEX,Argo,Argo UW-SOCCOM,5906217,8684,OPERATIONAL
France,2020-01-17T16:45:00,-52.5,66.985,2020-12-25T00:40:00,PROVOR_III,Argo,Argo FPAII-GMMC,6903026,P43208-19FR001,INACTIVE
United States,2020-01-16T09:32:00,-53.98,56.51,2022-03-06T18:02:47,APEX,Argo,Argo UW-SOCCOM,5906207,8698,OPERATIONAL
United States,2020-01-01T09:06:00,-30.14,55.2,2022-03-02T22:14:06,APEX,Argo,Argo UW-SOCCOM,5906204,8694,OPERATIONAL
United States,2020-01-07T20:53:00,-40.19,57.65,2022-03-08T13:07:41,APEX,Argo,Argo UW-SOCCOM,5906208,8696,OPERATIONAL
United States,2020-02-01T03:48:00,-68.9,-86.69,2022-03-05T20:07:54,APEX,Argo,Argo UW-SOCCOM,5906227,8733,OPERATIONAL
Japan,2021-02-17T05:31:00,25.9986,135.9917,2022-03-03T20:27:11,APEX,Argo,Argo eq. JAMSTEC,2903648,9019,OPERATIONAL
United States,2020-02-15T06:44:00,-46.01,85.62,2022-03-09T08:30:30,APEX,Argo,Argo UW-SOCCOM,5906221,8692,OPERATIONAL
European Union,2021-04-03T18:01:00,0.0267,-22.9727,2022-03-02T17:44:00,PROVOR_III,Argo,EuroSea Argo,6903877,P43200-20EU007,OPERATIONAL
United States,2020-03-17T07:44:00,-41.0183,132.05,2022-02-27T17:08:30,APEX,Argo,Argo UW-SOCCOM,5906223,8725,OPERATIONAL
United States,2020-03-20T01:11:00,-69.7317,-95.5833,2021-04-05T19:04:38,APEX,Argo,Argo UW-SOCCOM,5906228,8734,OPERATIONAL
Japan,2021-02-05T07:07:00,25.9918,149.9952,2022-03-05T10:24:30,APEX,Argo,Argo eq. JAMSTEC,2903614,9017,OPERATIONAL
United States,2020-08-31T02:50:00,5.13,165.13,2022-03-01T07:00:48,APEX,Argo,Argo UW-TPOS eq.,5906301,8913,OPERATIONAL
Germany,2021-07-29T14:54:00,50.4417,-38.78,2022-03-10T11:06:00,PROVOR_IV,Argo,Argo GERMANY 2025,6904111,P43200-20DE104,OPERATIONAL
United States,2020-11-11T18:03:00,31.94,-121.64,2022-03-06T15:19:46,APEX,Argo,Argo UW-SOCCOM,5906295,8920,OPERATIONAL
France,2021-02-16T10:20:10,-51.5,69.5,2022-03-08T06:57:00,PROVOR_III,Argo,Argo FPAII-GMMC,6903070,P43208-19FR002,OPERATIONAL
United States,2021-01-11T03:25:00,-37.9817,-149.9933,2022-03-07T22:46:00,NAVIS_A,Argo,Argo UW-SOCCOM,5906307,1115,OPERATIONAL
United States,2021-05-09T21:45:00,34.78,-66.69,2022-03-08T07:44:26,APEX,Argo,"Argo GO-BGC, UW ",5906438,9071,OPERATIONAL
United States,2021-08-12T17:02:00,59.9461,-39.5774,2022-03-01T07:07:19,NAVIS_EBR,Argo,"Argo GO-BGC, WHOI",4903365,1346,OPERATIONAL
United States,2021-09-22T10:53:00,27.9854,-86.9977,2022-03-06T21:47:37,APEX,Argo,"Argo BGC, AOML",4903625,19821,OPERATIONAL
United States,2022-01-14T20:56:00,17.02,-107.73,2022-03-08T09:46:31,APEX,Argo,Argo UW,5906484,9401,OPERATIONAL
United States,2022-01-21T22:41:00,22.4445,-59.0006,2022-03-03T18:25:06,NAVIS_EBR,Argo,"Argo GO-BGC, WHOI",1902383,1351,OPERATIONAL
United States,2022-02-13T07:46:00,-34.48,-47.35,2022-03-06T14:38:07,APEX,Argo,"Argo GO-BGC, UW ",5906488,9182,OPERATIONAL
United States,2013-12-14T13:25:00,-76.8733,-174.0149,2020-02-22T11:21:30,APEX,Argo,Argo UW-MBARI,5904167,6471,INACTIVE
United States,2014-04-21T01:47:00,-39.6766,-150.0033,2017-10-22T16:49:04,APEX,Argo,Argo UW-MBARI,5904395,6719,INACTIVE
United States,2014-12-18T03:18:00,-64.9983,0.0033,2015-01-17T20:15:56,NAVIS_A,Argo,Argo UW-SOCCOM,5904478,511,CLOSED
Australia,2016-01-12T00:00:00,-39.49,99.41,2017-02-14T04:03:44,NAVIS_A,Argo,Argo AUSTRALIA eq.,5905023,528,CLOSED
United States,2015-07-22T03:26:00,22.8117,-157.9383,2017-12-26T23:33:11,APEX,Argo,Argo UW-SOCCOM,5904655,6943,INACTIVE
United States,2015-12-28T15:20:00,-54.26,-89.25,2018-03-31T12:01:19,APEX,Argo,Argo UW-SOCCOM,5904662,7293,INACTIVE
United States,2016-02-15T01:40:00,-61.81,74.17,2021-01-21T03:54:47,APEX,Argo,Argo UW-SOCCOM,5904671,0507,INACTIVE
United States,2016-02-22T20:43:00,-63.5,82.47,2016-05-02T20:49:11,NAVIS_A,Argo,Argo UW-SOCCOM,5904687,564,CLOSED
United States,2016-03-05T05:04:00,-42.47,95.01,2020-08-25T03:27:43,APEX,Argo,Argo UW-SOCCOM,5904688,7334,INACTIVE
United States,2016-05-11T16:21:00,-60.02,-170.07,2019-03-05T16:02:19,NAVIS_A,Argo,Argo UW-SOCCOM,5904673,571,INACTIVE
United States,2016-05-05T06:39:00,-65.67,-170.03,2020-04-17T00:22:15,NAVIS_A,Argo,Argo UW-SOCCOM,5904767,568,INACTIVE
United States,2017-01-24T18:36:00,-67,-103,2019-04-10T05:21:47,APEX,Argo,Argo UW-SOCCOM,5905075,6216,INACTIVE
United States,2016-12-29T03:58:00,-61.99,-68.7,2020-06-22T02:51:46,NAVIS_A,Argo,Argo UW-SOCCOM,5904984,569,INACTIVE
United States,2016-12-18T13:09:00,-72.36,-146.35,2019-03-25T23:50:42,APEX,Argo,Argo UW-SOCCOM,5904860,7766,INACTIVE
United States,2017-01-08T21:11:00,-68.26,-128.46,2017-12-16T01:23:50,APEX,Argo,Argo UW-SOCCOM,5904981,7771,INACTIVE
United States,2017-02-22T14:41:00,-53.87,-125.68,2020-10-24T20:50:02,APEX,Argo,Argo UW-SOCCOM,5905079,7768,INACTIVE
United States,2017-04-17T22:26:00,-65.51,171.98,2019-05-22T14:58:23,APEX,Argo,Argo UW-SOCCOM,5905100,7708,INACTIVE
United Kingdom,2017-11-15T14:22:00,-52.705,-40.1067,2022-03-01T09:37:39,APEX,Argo,Argo UK,3901540,8138,OPERATIONAL
United States,2018-01-24T12:06:00,-51.0083,57.5867,2020-06-26T14:09:21,APEX,Argo,Argo UW-SOCCOM,5905366,7973,INACTIVE
United States,2018-01-29T10:52:00,-62.8533,139.7517,2019-09-26T01:38:39,APEX,Argo,Argo UW-SOCCOM,5905374,7970,INACTIVE
United States,2018-02-15T23:49:00,-58.4983,131.8867,2022-03-02T04:02:31,APEX,Argo,Argo UW-SOCCOM,5905103,7704,OPERATIONAL
United States,2018-03-21T19:50:00,-71.0083,-170.0017,2019-01-16T03:36:30,APEX,Argo,Argo UW-SOCCOM,5905634,7979,INACTIVE
United States,2018-08-13T15:53:00,4.935,-169.8917,2022-02-18T17:46:32,APEX,Argo,Argo UW-TPOS eq.,5905970,7936,OPERATIONAL
United States,2018-09-05T05:57:00,7.94,-154.7783,2022-03-02T02:20:46,APEX,Argo,Argo UW-TPOS eq.,5905969,7935,OPERATIONAL
United States,2018-12-30T12:28:00,-64.0483,112.2217,2022-02-28T16:18:56,APEX,Argo,Argo UW-SOCCOM,5906000,8303,OPERATIONAL
United States,2019-01-03T06:21:00,-64.4333,120.25,2022-03-03T13:46:59,APEX,Argo,Argo UW-SOCCOM,5905997,8297,OPERATIONAL
United States,2019-12-04T07:04:00,-52.64,-80.52,2020-03-27T12:24:06,APEX,Argo,Argo UW-SOCCOM,5906214,8721,INACTIVE
United States,2019-12-21T10:31:00,-56.07,-88.93,2021-12-21T23:52:57,APEX,Argo,Argo UW-SOCCOM,5906216,8723,INACTIVE
United States,2020-01-12T06:11:00,-47.91,57.66,2022-03-03T07:57:25,APEX,Argo,Argo UW-SOCCOM,5906206,8691,OPERATIONAL
United States,2020-01-05T05:09:00,-35.02,57.42,2022-03-08T18:28:39,APEX,Argo,Argo UW-SOCCOM,5906205,8697,OPERATIONAL
European Union,2021-03-28T18:51:00,0.0235,-9.83,2022-03-09T15:50:00,PROVOR_III,Argo,EuroSea Argo,6903874,P43200-20EU004,OPERATIONAL
United States,2021-01-24T18:38:00,-59.9433,-149.9267,2022-03-02T13:59:59,APEX,Argo,Argo UW-SOCCOM,5906313,8917,OPERATIONAL
United States,2021-03-18T18:25:00,36.16,-123.54,2022-01-14T06:10:08,APEX,Argo,Argo UW-MBARI,5906441,9077,INACTIVE
Germany,2021-03-25T09:22:47,57.3232,20.0517,2022-03-08T10:24:55,APEX,Argo,Argo GERMANY 2025,7900579,8992,OPERATIONAL
United States,2021-04-02T13:18:00,24.13,-52.41,2022-02-28T02:23:26,APEX,Argo,"Argo GO-BGC, UW ",5906340,9174,OPERATIONAL
Australia,2021-05-11T09:41:50,-34.4,152.51,2022-03-05T01:21:00,PROVOR_III,Argo,Argo AUSTRALIA,5906636,P43208-20AU002,OPERATIONAL
United States,2021-05-05T07:03:00,49.0166,-14.868,2022-03-04T21:41:43,NAVIS_EBR,Argo,Argo WHOI,1902304,1203,OPERATIONAL
Japan,2021-10-11T03:44:00,49.9145,169.4918,2022-03-03T12:29:42,NAVIS_EBR,Argo,Argo eq. JAMSTEC,2903666,0959,OPERATIONAL
United States,2021-09-25T09:51:00,27.0482,-89.9786,2022-03-10T04:33:26,APEX,Argo,"Argo GO-BGC, UW ",4903624,19097 //ASK RICK,OPERATIONAL
United States,2021-06-02T19:31:00,52.9783,-139.9333,2022-03-04T03:33:22,APEX,Argo,Argo PMEL,5906026,1248,OPERATIONAL
United States,2021-10-01T10:03:00,-12.98,-110.93,2022-03-05T06:00:02,APEX,Argo,"Argo GO-BGC, UW ",5906450,9396,OPERATIONAL
United States,2021-12-07T06:51:00,-2.33,-140.23,2022-02-28T16:22:41,APEX,Argo,Argo UW,5906474,9405,OPERATIONAL
United States,2022-01-06T19:43:00,19.59,155.02,2022-02-28T00:10:43,APEX,Argo,"Argo GO-BGC, UW ",5906503,9378,OPERATIONAL
United States,2021-10-04T13:43:00,26.0635,-93.266,,APEX,Argo,"Argo BGC, AOML",4903623,19093,REGISTERED
United Kingdom,2022-03-04T11:38:00,37.0015,-13.2367,,PROVOR,Argo,Argo UK Bio,6904184,nocbio004,REGISTERED
United States,2014-12-10T00:00:00,-53.5133,0.015,2019-06-07T18:59:33,APEX,Argo,Argo UW-SOCCOM,5904469,6718,INACTIVE
United States,2016-12-29T23:10:00,-64.14,-69.1,2020-07-14T13:48:41,APEX,Argo,Argo UW-SOCCOM,5904856,7765,INACTIVE
United States,2017-01-20T02:43:00,-59.15,-102.94,2021-10-15T04:14:19,APEX,Argo,Argo UW-SOCCOM,5904845,7449,INACTIVE
United States,2017-01-11T11:23:00,-54.81,95.59,2020-10-18T05:20:22,APEX,Argo,Argo UW-SOCCOM,5905070,7767,INACTIVE
United States,2017-01-03T07:14:00,-49.42,62.94,2020-03-14T05:00:56,NAVIS_EBR,Argo,Argo UW-SOCCOM,5905073,692,INACTIVE
United States,2017-04-16T04:32:00,-59.98,170.17,2021-06-03T21:27:00,APEX,Argo,Argo UW-SOCCOM,5905099,7711,INACTIVE
United States,2017-04-18T16:32:00,-67.51,171.94,2017-05-09T09:09:10,APEX,Argo,Argo UW-SOCCOM,5905101,7712,INACTIVE
United States,2017-08-13T17:03:00,-32.53,-148.91,2022-03-08T23:39:05,APEX,Argo,Argo UW,5905114,7650,OPERATIONAL
United States,2017-10-25T18:16:00,7.3767,-124.6983,2021-05-27T01:40:10,APEX,Argo,Argo UW-TPOS eq.,5905140,8046,INACTIVE
United Kingdom,2017-11-15T14:24:00,-52.705,-40.1067,2022-02-28T07:17:38,APEX,Argo,Argo UK,3901542,8140,OPERATIONAL
United States,2017-12-23T15:00:00,-54.0233,68.0267,2018-11-21T05:36:37,APEX,Argo,Argo UW-SOCCOM,5905370,8054,INACTIVE
Germany,2018-06-01T01:26:00,53.41,-50.12,2021-08-20T08:50:18,APEX,Argo,Argo BSH,3901669,8506,INACTIVE
United States,2017-12-28T00:03:00,-63.0233,69.9467,2018-08-05T20:23:58,APEX,Argo,Argo UW-SOCCOM,5905367,7974,INACTIVE
United States,2018-01-16T18:47:00,-48.3333,144.5867,2022-03-06T05:36:14,NAVIS_EBR,Argo,Argo UW-SOCCOM,5904846,688,OPERATIONAL
United States,2018-10-24T15:54:00,-41.3333,-44.0233,2022-03-03T22:42:49,APEX,Argo,Argo UW-SOCCOM,5905985,7911,OPERATIONAL
United States,2018-12-20T04:20:00,-62.1817,92.36,2022-03-02T21:33:19,APEX,Argo,Argo UW-SOCCOM,5906002,8356,OPERATIONAL
United States,2018-12-22T04:25:00,-51.0517,3.99,2022-03-09T01:33:01,NAVIS_A,Argo,Argo UW-SOCCOM,5905996,886,OPERATIONAL
United States,2019-03-04T18:58:00,-60.6133,-42.2883,2019-05-24T10:02:26,APEX,Argo,Argo UW-SOCCOM,5906004,8300,INACTIVE
United States,2019-03-10T16:54:00,-60.8117,-27.22,2020-07-16T07:11:35,APEX,Argo,Argo UW-SOCCOM,5906006,8354,INACTIVE
United States,2019-03-29T19:03:00,-60.4733,30.1683,2022-03-03T16:01:50,APEX,Argo,Argo UW-SOCCOM,5906007,8355,OPERATIONAL
United States,2020-03-17T23:38:00,2.0517,-140.1917,2022-03-02T15:11:18,APEX,Argo,Argo UW-TPOS eq.,5906236,8700,OPERATIONAL
United States,2020-03-31T02:12:00,0.06,-154.34,2022-03-04T17:48:44,APEX,Argo,Argo UW-SOCCOM,5906238,8702,OPERATIONAL
United States,2020-03-26T03:11:00,-36.94,1.07,2022-03-04T21:05:15,APEX,Argo,Argo UW-SOCCOM,5906244,8823,OPERATIONAL
United States,2020-03-27T07:59:00,-33.93,1.14,2021-12-25T00:52:46,APEX,Argo,Argo UW-SOCCOM,5906245,8824,INACTIVE
United States,2020-12-10T20:00:00,-63.3083,-66.485,2021-01-10T10:24:14,NAVIS_A,Argo,Argo UW-SOCCOM,5906309,1117,INACTIVE
Japan,2020-08-22T02:41:00,47.0476,165.0245,2022-02-28T13:26:51,NAVIS_EBR,Argo,Argo eq. JAMSTEC,2903393,0956,OPERATIONAL
United States,2021-01-17T19:00:00,-49.83,-149.9133,2022-03-05T02:00:53,APEX,Argo,Argo UW-SOCCOM,5906315,8690,OPERATIONAL
United States,2021-03-29T13:47:00,31.73,-52.32,2022-03-05T06:47:10,APEX,Argo,"Argo GO-BGC, UW ",5906440,9075,OPERATIONAL
United States,2021-03-31T16:33:00,27.61,-52.32,2022-03-08T17:57:28,APEX,Argo,"Argo GO-BGC, UW ",5906435,9068,OPERATIONAL
Germany,2021-06-08T10:26:00,18.7975,-21.8997,2021-09-17T07:46:00,PROVOR_IV,Argo,Argo GERMANY,6904134,P43205-20DE001,CLOSED
United States,2021-04-06T14:41:00,15.97,-52.34,2022-03-05T08:09:53,APEX,Argo,"Argo GO-BGC, UW ",5906343,8927,OPERATIONAL
United States,2021-04-26T04:36:00,16.55,-67.36,2022-03-06T05:18:53,APEX,Argo,"Argo GO-BGC, UW ",5906437,9074,OPERATIONAL
United States,2021-10-04T23:36:00,24.995,-93.4184,2022-03-09T15:15:35,APEX,Argo,"Argo BGC, AOML",4903622,19073 ??? ask Ri,OPERATIONAL
France,2021-10-15T12:00:00,43.4231,7.8298,2021-11-30T10:12:00,PROVOR_III,Argo,Argo FPAII-GMMC,6903130,P43208-19FR004,INACTIVE
United States,2021-12-02T18:46:00,4.82,-139.85,2022-03-06T11:15:50,APEX,Argo,Argo UW,5906476,9407,OPERATIONAL
United States,2021-12-13T21:38:00,14.73,-153.01,2022-03-07T00:55:10,APEX,Argo,Argo UW,5906472,9374,OPERATIONAL
United States,2022-01-04T13:14:00,24.67,165,2022-03-07T19:15:51,APEX,Argo,"Argo GO-BGC, UW ",5906502,9398,OPERATIONAL
United States,2022-01-14T03:00:00,31.7177,-64.1518,2022-03-04T05:02:03,NAVIS_EBR,Argo,Argo WHOI,4903273,1200,OPERATIONAL
United Kingdom,2022-02-16T16:26:00,27.185,-21.9917,,PROVOR,Argo,Argo UK Bio,6904182,nocbio002,REGISTERED
United States,2022-02-16T04:00:00,-54.03,129.38,2022-03-08T18:51:01,APEX,Argo,Argo UW,5906508,1118,OPERATIONAL
